,source,author,title,description,url,urlToImage,publishedAt,content
0,"{'id': 'wired', 'name': 'Wired'}",Scott Gilbertson,This Cold-Storage Crypto Wallet Is a Smart Investment,"If you don't use a safe, offline storage device, you don't really own your cryptocurrency. The Ledger Nano X keeps it secure from prying eyes.",https://www.wired.com/review/ledger-nano-x-crypto-wallet/,"https://media.wired.com/photos/630916d9ba2a66af641b11ee/191:100/w_1280,c_limit/Ledger-Nano-X-Gear.jpg",2022-08-29T12:00:00Z,"If youre serious about owning digital currencies, you need a hardware wallet. Just as the wallet in your pocket stores physical currency, a crypto wallet stores your digital currency. It keeps it saf… [+3718 chars]"
1,"{'id': 'the-verge', 'name': 'The Verge'}",Emma Roth,Congress presses big crypto exchanges for details on how they’re fighting scams,"Congress wrote letters to Coinbase, Binance, FTX, and others to ask how they’re protecting consumers against crypto-related scams.",https://www.theverge.com/2022/8/31/23330623/congress-coinbase-binance-ftx-cryptocurrency-scams,https://cdn.vox-cdn.com/thumbor/6OTL-0k-pWPknCLxmmh5wo6HNM4=/0x215:3000x1786/fit-in/1200x630/cdn.vox-cdn.com/uploads/chorus_asset/file/23630720/acastro_STK019_02.jpg,2022-08-31T16:20:59Z,"Pointed questions for Coinbase, Binance.US, FTX, Kraken, and KuCoin
Illustration by Alex Castro / The Verge
Congress wants to know what Coinbase, Binance.US, FTX, Kraken, and KuCoin are doing to ad… [+2640 chars]"
2,"{'id': 'the-verge', 'name': 'The Verge'}",James Vincent,Crypto.com laid off 260 employees — then quietly let go of hundreds more,"Cryptocurrency exchange Crypto.com is one of the sector’s big players, with a Super Bowl ad and its own named stadium. But the company has been silently laying off hundreds of employees as the crypto bear market bites.",https://www.theverge.com/2022/8/18/23309439/crypto-com-layoffs-unannounced-july-august-bear-market,https://cdn.vox-cdn.com/thumbor/BGOPT8VL3A0c3vlWEjHgWzU9EeY=/0x146:2040x1214/fit-in/1200x630/cdn.vox-cdn.com/uploads/chorus_asset/file/10576395/acastro_180402_2428_002.jpg,2022-08-18T15:09:04Z,"As the market slumps, Crypto.com is trying to hide the pain
The crypto market has been hit hard by plummeting valuations and trading volume. 
Image: Alex Castro / The Verge
In June, cryptocurrency… [+5433 chars]"
3,"{'id': 'wired', 'name': 'Wired'}",Gian M. Volpicelli,Ethereum's 'Merge' Is a Big Deal for Crypto—and the Planet,One of the most influential cryptocurrency projects is set to finally ditch proof-of-work mining.,https://www.wired.com/story/ethereum-merge-big-deal-crypto-environment/,"https://media.wired.com/photos/62fe63bcfd602ff2f11e6fbf/191:100/w_1280,c_limit/Ethereum-Ditches-Crypto-Business-1036181110.jpg",2022-08-18T16:09:33Z,"Cryptocurrencies are often criticized for being bad for the planet. Every year, bitcoin mining consumes more energy than Belgium, according to the University of Cambridges Bitcoin Electricity Consump… [+3829 chars]"
4,"{'id': 'reuters', 'name': 'Reuters'}",Reuters Editorial,Crypto Weekly: A mixer with your crypto cocktail? - Reuters,"From a crackdown on crypto mixers from the U.S. Treasury to potential regulation in Australia, we round up the week's big stories in the world of virtual money. Trevor Koroll reports.",https://www.reuters.com/video/watch/idOV020923082022RP1,https://static.reuters.com/resources/r/?d=20220823&i=OV020923082022RP1&r=OV020923082022RP1&t=2,2022-08-24T00:11:13Z,"Posted 
From a crackdown on crypto mixers from the U.S. Treasury to potential regulation in Australia, we round up the week's big stories in the world of virtual money. Trevor Koroll reports."
5,"{'id': 'reuters', 'name': 'Reuters'}",,"Crypto lender Hodlnaut lays off staff, reveals police probe - Reuters",Troubled crypto lender and borrower Hodlnaut on Friday laid off about 40 employees since pausing crypto withdrawals and disclosed an investigation by the Singapore police.,https://www.reuters.com/technology/crypto-lender-hodlnaut-lays-off-staff-reveals-police-probe-2022-08-19/,https://www.reuters.com/pf/resources/images/reuters/reuters-default.png?d=108,2022-08-19T06:59:00Z,"Aug 19 (Reuters) - Troubled crypto lender and borrower Hodlnaut on Friday laid off about 40 employees since pausing crypto withdrawals and disclosed an investigation by the Singapore police.
The com… [+848 chars]"
6,"{'id': 'reuters', 'name': 'Reuters'}",,Potential preference exposure for withdrawing crypto - Reuters,Crypto customers who withdraw their crypto assets from an exchange or custodian within 90 days of the exchange or custodian's bankruptcy filing may be sued to return those crypto assets as preferential transfers under section 547 of the Bankruptcy Code. There…,https://www.reuters.com/legal/litigation/potential-preference-exposure-withdrawing-crypto-2022-08-16/,https://www.reuters.com/resizer/es2kVdVFByZMI016wM8f1DEEV1o=/1200x628/smart/filters:quality(80)/cloudfront-us-east-2.images.arcpublishing.com/reuters/H3XLC7LQ7VKM7AIO7EEMMKN2QM.jpg,2022-08-16T16:01:00Z,"August 16, 2022 - Crypto customers who withdraw their crypto assets from an exchange or custodian within 90 days of the exchange or custodian's bankruptcy filing may be sued to return those crypto as… [+8017 chars]"
7,"{'id': 'reuters', 'name': 'Reuters'}",Reuters Staff,Fugitive Turkish crypto fraud suspect arrested in Albania resort - Reuters,"Albanian police on Tuesday arrested the fugitive Turkish founder of crypto-exchange Thodex, wanted by Interpol for suspected crypto fraud and at large for a year, police and media said.",https://www.reuters.com/article/albania-turkey-cryptocurrencies-arrests-idUSKBN2Q011N,https://s1.reutersmedia.net/resources_v2/images/rcom-default.png?w=800,2022-08-30T13:06:00Z,"By Reuters Staff
TIRANA (Reuters) - Albanian police on Tuesday arrested the fugitive Turkish founder of crypto-exchange Thodex, wanted by Interpol for suspected crypto fraud and at large for a year,… [+1638 chars]"
8,"{'id': 'reuters', 'name': 'Reuters'}",,Fugitive Turkish crypto fraud suspect arrested in Albania resort - Reuters,"Albanian police on Tuesday arrested the fugitive Turkish founder of crypto-exchange Thodex, wanted by Interpol for suspected crypto fraud and at large for a year, police and media said.",https://www.reuters.com/world/fugitive-turkish-crypto-fraud-suspect-arrested-albania-resort-2022-08-30/,https://www.reuters.com/pf/resources/images/reuters/reuters-default.png?d=108,2022-08-30T13:05:00Z,"TIRANA, Aug 30 (Reuters) - Albanian police on Tuesday arrested the fugitive Turkish founder of crypto-exchange Thodex, wanted by Interpol for suspected crypto fraud and at large for a year, police an… [+1919 chars]"
9,"{'id': 'reuters', 'name': 'Reuters'}",,Cryptoverse: A mixer with your crypto cocktail? - Reuters,Cryptoverse: A mixer with your crypto cocktail?  Reuters,https://www.reuters.com/markets/europe/cryptoverse-mixer-with-your-crypto-cocktail-2022-08-23/,https://www.reuters.com/resizer/pr3gL_pXla3PQV4cn1W_JePJJ64=/1200x628/smart/filters:quality(80)/cloudfront-us-east-2.images.arcpublishing.com/reuters/HJDYMEREYFLQFPCH6PHBFH2UTA.jpg,2022-08-23T05:13:00Z,"Aug 23 (Reuters) - The DeFi dream is shaken. And stirred.
The grand crypto project has declined in 2022: total user funds deposited in decentralized finance has shrunk to about $61 billion from over… [+3781 chars]"
10,"{'id': 'reuters', 'name': 'Reuters'}",Reuters Editorial,Crypto Weekly: ether turns greener - Reuters,"From why the ""Merge"" could make crypto mining less damaging to the environment, to the NFTs raising money for Ukraine, we round up the week's big stories in the world of virtual money. Emma Jehle reports.",https://www.reuters.com/video/watch/idOV885816082022RP1,https://static.reuters.com/resources/r/?d=20220816&i=OV885816082022RP1&r=OV885816082022RP1&t=2,2022-08-16T20:01:48Z,"Posted 
From why the ""Merge"" could make crypto mining less damaging to the environment, to the NFTs raising money for Ukraine, we round up the week's big stories in the world of virtual money. Emma … [+13 chars]"
11,"{'id': 'reuters', 'name': 'Reuters'}",Reuters Editorial,Crypto bankruptcies: Whose Money Is It? - Reuters,Reuters asked legal experts what significant rulings could come from the recent bankruptcies of crypto lenders Celsius and Voyager.,https://www.reuters.com/video/watch/idRCV00BDEB,https://static.reuters.com/resources/r/?d=20220825&i=RCV00BDEB&r=RCV00BDEB&t=2,2022-08-25T22:42:11Z,"Posted 
Reuters asked legal experts what significant rulings could come from the recent bankruptcies of crypto lenders Celsius and Voyager."
12,"{'id': 'reuters', 'name': 'Reuters'}",,Thailand tightens rules on crypto advertising - Reuters.com,Thailand's Securities and Exchange Commission (SEC) has rolled out new rules on advertising for cryptocurrency companies after the industry has come under greater scrutiny from authorities.,https://www.reuters.com/markets/asia/thailand-tightens-rules-crypto-advertising-2022-09-01/,https://www.reuters.com/resizer/J4Akbfv8v71Ol3Dflc5kF-hddwY=/1200x628/smart/filters:quality(80)/cloudfront-us-east-2.images.arcpublishing.com/reuters/QRLMAXIJRJKWTFPUUQQDGBYBHY.jpg,2022-09-01T12:02:00Z,"BANGKOK, Sept 1 (Reuters) - Thailand's Securities and Exchange Commission (SEC) has rolled out new rules on advertising for cryptocurrency companies after the industry has come under greater scrutiny… [+1659 chars]"
13,"{'id': 'wired', 'name': 'Wired'}",Omar L. Gallaga,The Best Time to Upgrade Your Graphics Card Is Right Now,"In a huge change from the past two years, prices are low and high-end PC graphics boards are readily available.",https://www.wired.com/story/best-time-upgrade-graphics-card-right-now/,"https://media.wired.com/photos/63090c52f698c0a9298eadae/191:100/w_1280,c_limit/Time-to-Buy-a-GPU-Gear-GettyImages-1295311673.jpg",2022-08-27T12:00:00Z,"Gamers and other users of high-end PC graphics cards (crypto miners, video editors) are experiencing an unusual kind of sticker shock lately: Prices on the hardware have dropped so low, so quickly, t… [+3640 chars]"
14,"{'id': 'reuters', 'name': 'Reuters'}",,Dubai grants provisional approval to crypto firm Blockchain.com - Reuters,"London-based crypto firm Blockchain.com said it had won a provisional approval to operate in Dubai, becoming the latest in a series of digital asset companies expanding in the Gulf as the region looks to become a hub for blockchain technology.",https://www.reuters.com/technology/dubai-grants-provisional-approval-crypto-firm-blockchaincom-2022-09-09/,https://www.reuters.com/pf/resources/images/reuters/reuters-default.png?d=109,2022-09-09T17:15:00Z,"Sept 9 (Reuters) - London-based crypto firm Blockchain.com said it had won a provisional approval to operate in Dubai, becoming the latest in a series of digital asset companies expanding in the Gulf… [+952 chars]"
15,"{'id': 'reuters', 'name': 'Reuters'}",,Asset managers to offer fund tokens despite crypto turmoil - Reuters,"Investors in crypto have endured wild moves in recent months, but this has not fazed asset managers who are preparing to use the blockchain technology behind cryptocurrencies to break funds into bite-sized units, or tokens, to sell to small savers.",https://www.reuters.com/technology/asset-managers-offer-fund-tokens-despite-crypto-turmoil-2022-08-26/,https://www.reuters.com/resizer/V6OC6xbJygJhTbbE13LLpWtv-Q4=/1200x628/smart/filters:quality(80)/cloudfront-us-east-2.images.arcpublishing.com/reuters/E3M4LBYYGVNMVPHGDDYE3ARKYQ.jpg,2022-08-26T12:11:00Z,"LONDON, Aug 26 (Reuters) - Investors in crypto have endured wild moves in recent months, but this has not fazed asset managers who are preparing to use the blockchain technology behind cryptocurrenci… [+4041 chars]"
16,"{'id': 'reuters', 'name': 'Reuters'}",,Federal Reserve issues guidance for banks considering crypto activities - Reuters,"The U.S. Federal Reserve on Tuesday issued additional guidance for banks considering activities involving cryptocurrencies, emphasizing that firms must notify the Fed beforehand and make sure whatever they do is legally permitted.",https://www.reuters.com/markets/us/federal-reserve-issues-guidance-banks-considering-crypto-activities-2022-08-16/,https://www.reuters.com/resizer/kyC41Ivx-K7liv6SrdvKTmvo5N8=/1200x628/smart/filters:quality(80)/cloudfront-us-east-2.images.arcpublishing.com/reuters/HUPYYUTNVFI5PHF5SDNGOXBQ7Y.jpg,2022-08-16T19:27:00Z,"WASHINGTON, Aug 16 (Reuters) - The U.S. Federal Reserve on Tuesday issued additional guidance for banks considering activities involving cryptocurrencies, emphasizing that firms must notify the Fed b… [+2151 chars]"
17,"{'id': 'reuters', 'name': 'Reuters'}",Reuters Editorial,"Crypto Weekly: Bitcoin slides back to $20,000 - Reuters","From bitcoin’s big slide back towards $20,000 to what a court says you can’t buy with Central African Republic’s new coin, we round up the week's big stories in the world of virtual money. Trevor Koroll reports.",https://www.reuters.com/video/watch/idOV160130082022RP1,https://static.reuters.com/resources/r/?d=20220830&i=OV160130082022RP1&r=OV160130082022RP1&t=2,2022-08-30T21:11:50Z,"Posted 
From bitcoins big slide back towards $20,000 to what a court says you cant buy with Central African Republics new coin, we round up the week's big stories in the world of virtual money. Trev… [+17 chars]"
18,"{'id': 'reuters', 'name': 'Reuters'}",,Breakingviews - Crypto fans still live in a supervised world - Reuters,"Since the dawn of history, the person with the bigger stick could easily take the person with the smaller stick’s money. That, at least, is one of many philosophies espoused by MicroStrategy <a href=""https://www.reuters.com/companies/MSTR.O"" target=""_blank"">(…",https://www.reuters.com/breakingviews/crypto-fans-still-live-supervised-world-2022-09-01/,https://www.reuters.com/resizer/vOy11V_wY64gU_q3EqbuYOnSCs8=/1200x628/smart/filters:quality(80)/cloudfront-us-east-2.images.arcpublishing.com/reuters/VM4CIQY7UFOWRNC6OYATOIQLK4.jpg,2022-09-01T15:13:00Z,"NEW YORK, Sept 1 (Reuters Breakingviews) - Since the dawn of history, the person with the bigger stick could easily take the person with the smaller sticks money. That, at least, is one of many philo… [+1810 chars]"
19,"{'id': 'reuters', 'name': 'Reuters'}",,Crypto lender Hodlnaut granted creditor protection by Singapore Court - Reuters,"Hodlnaut said on Tuesday it has been placed under interim judicial management by the Singapore High Court, after the troubled cryptocurrency lender suspended withdrawals earlier this month.",https://www.reuters.com/world/asia-pacific/crypto-lender-hodlnaut-granted-creditor-protection-by-singapore-court-2022-08-30/,https://www.reuters.com/resizer/k48xRPP07o7liP702nmkhAUA1Gs=/1200x628/smart/filters:quality(80)/cloudfront-us-east-2.images.arcpublishing.com/reuters/YM46DZKRWVJ6JIYRSS4IPU77JQ.jpg,2022-08-30T08:07:00Z,"Aug 30 (Reuters) - Hodlnaut said on Tuesday it has been placed under interim judicial management by the Singapore High Court, after the troubled cryptocurrency lender suspended withdrawals earlier th… [+1234 chars]"
20,"{'id': 'reuters', 'name': 'Reuters'}",,Dutch detain suspected developer of crypto mixer Tornado Cash - Reuters,"Dutch authorities on Friday said they had arrested a 29-year-old man believed to be a developer for the crypto mixing service Tornado Cash, which the United States put on its sanctions list this week.",https://www.reuters.com/business/dutch-detain-suspected-developer-crypto-mixer-tornado-cash-2022-08-12/,https://www.reuters.com/resizer/JV9_2z7D2Ppeuej6tQZPYYnu69M=/1200x628/smart/filters:quality(80)/cloudfront-us-east-2.images.arcpublishing.com/reuters/YLIKWS7CWVKU5APZEJUFPV3R2U.jpg,2022-08-12T13:19:00Z,"AMSTERDAM, Aug 12 (Reuters) - Dutch authorities on Friday said they had arrested a 29-year-old man believed to be a developer for the crypto mixing service Tornado Cash, which the United States put o… [+1678 chars]"
21,"{'id': 'reuters', 'name': 'Reuters'}",,Sudden crypto drop sends bitcoin to 3-wk low - Reuters,"Cryptocurrencies fell sharply on Friday, with sudden selling dragging bitcoin to a three-week low.",https://www.reuters.com/markets/us/sudden-crypto-drop-sends-bitcoin-3-wk-low-2022-08-19/,https://www.reuters.com/resizer/xTN_w6bEGIrdArCCNImqU8X1WnY=/1200x628/smart/filters:quality(80)/cloudfront-us-east-2.images.arcpublishing.com/reuters/VEMNAX3DIBMGZGCA5HIDFVEFVM.jpg,2022-08-19T07:19:00Z,"SINGAPORE, Aug 19 (Reuters) - Cryptocurrencies fell sharply on Friday, with sudden selling dragging bitcoin to a three-week low.
The reason for the drop was not immediately clear. Bitcoin fell as mu… [+312 chars]"
22,"{'id': 'reuters', 'name': 'Reuters'}",,"Crypto broker Genesis taps insider as interim chief, cuts jobs by 20% - Reuters",Genesis Trading on Wednesday named chief operating officer Derar Islim as the interim head of the crypto broker and said it had reduced its headcount by 20%.,https://www.reuters.com/technology/crypto-broker-genesis-taps-insider-interim-chief-cuts-jobs-by-20-2022-08-17/,https://www.reuters.com/resizer/w0YKagDH7HIutjB6b7MSMWGqEwg=/1200x628/smart/filters:quality(80)/cloudfront-us-east-2.images.arcpublishing.com/reuters/K4JAMUQGRJI3DHT2LJQGUKUFJA.jpg,2022-08-17T14:15:00Z,"Aug 17 (Reuters) - Genesis Trading on Wednesday named chief operating officer Derar Islim as the interim head of the crypto broker and said it had reduced its headcount by 20%.
Islim is replacing Mi… [+1316 chars]"
23,"{'id': 'reuters', 'name': 'Reuters'}",,"Crypto lender Celsius gets court sign-off to sell bitcoin, but not stocks or debt - Reuters",Crypto lender Celsius Network LLC got signoff on Tuesday from a U.S. bankruptcy judge to mine and sell bitcoins during its bankruptcy.,https://www.reuters.com/legal/litigation/crypto-lender-celsius-gets-court-sign-off-sell-bitcoin-not-stocks-or-debt-2022-08-16/,https://www.reuters.com/resizer/M5_3h5HYQWktCbzkYCoKvSuEJBs=/728x381/smart/filters:quality(80)/cloudfront-us-east-2.images.arcpublishing.com/reuters/KK6EBWEIDBOHZJJDF3XGYIPGWY.jpg,2022-08-16T22:51:00Z,"(Reuters) - Crypto lender Celsius Network LLC got signoff on Tuesday from a U.S. bankruptcy judge to mine and sell bitcoins during its bankruptcy.
Chief U.S. Bankruptcy Judge Martin Glenn in Manhatt… [+3139 chars]"
24,"{'id': 'reuters', 'name': 'Reuters'}",,U.S. SEC to set up new office for crypto filings - Reuters,"The U.S. securities regulator will set up two new offices to deal with filings related to crypto assets and the life sciences sector, the agency said on Friday.",https://www.reuters.com/markets/us/us-sec-set-up-new-office-crypto-filings-2022-09-09/,https://www.reuters.com/resizer/GinA1NFuisA5sivR91vluRb8SQo=/1200x628/smart/filters:quality(80)/cloudfront-us-east-2.images.arcpublishing.com/reuters/TUWQZU5ZZJIF3HLCX5BGWH22LU.jpg,2022-09-09T21:22:00Z,"Sept 9 (Reuters) - The U.S. securities regulator will set up two new offices to deal with filings related to crypto assets and the life sciences sector, the agency said on Friday.
The ""Office of Cry… [+1305 chars]"
25,"{'id': 'reuters', 'name': 'Reuters'}",,Crypto.com gets UK regulatory approval - Reuters,"Singapore-based cryptocurrency platform Crypto.com has registered with Britain's financial services regulator, the company said in a statement on Wednesday.",https://www.reuters.com/technology/cryptocom-gets-uk-regulatory-approval-2022-08-17/,https://www.reuters.com/resizer/yePMGHvRNGXZ4DN2t_zo0HPhuY0=/1200x628/smart/filters:quality(80)/cloudfront-us-east-2.images.arcpublishing.com/reuters/VUIFTG32MVIEFILFPRJCZMFBUM.jpg,2022-08-17T08:41:00Z,"LONDON, Aug 17 (Reuters) - Singapore-based cryptocurrency platform Crypto.com has registered with Britain's financial services regulator, the company said in a statement on Wednesday.
Crypto.com joi… [+1027 chars]"
26,"{'id': 'reuters', 'name': 'Reuters'}",,"Crypto intermediaries should register with U.S. SEC, agency chair says - Reuters","Companies that help facilitate transactions in the cryptocurrency market should register with the U.S. Securities and Exchange Commission (SEC) just like other market intermediaries, the agency's chair said on Thursday.",https://www.reuters.com/technology/crypto-intermediaries-should-register-with-us-sec-agency-chair-says-2022-09-08/,https://www.reuters.com/resizer/3FeF8Y0t57JgNa1V86VhMS40UjI=/1200x628/smart/filters:quality(80)/cloudfront-us-east-2.images.arcpublishing.com/reuters/EU3V7AZNUFOY5II6NWYQYGQVXU.jpg,2022-09-08T12:53:00Z,"WASHINGTON, Sept 8 (Reuters) - Companies that help facilitate transactions in the cryptocurrency market should register with the U.S. Securities and Exchange Commission (SEC) just like other market i… [+1836 chars]"
27,"{'id': 'business-insider', 'name': 'Business Insider'}",jsor@insider.com (Jennifer Sor),"Billionaire investor Mark Cuban blasts the SEC's approach to crypto, calling chief Gary Gensler's recent comments 'BS'","Cuban has been a vocal critic of the SEC's push to regulate crypto, previously using the ""savecryptofromtheSEC"" hashtag on Twitter.",https://markets.businessinsider.com/news/currencies/mark-cuban-sec-gary-gensler-crypto-regulation-voyager-lawsuit-coinbase-2022-8,https://i.insider.com/6304cfeac2794d00197f2054?width=1200&format=jpeg,2022-08-23T13:35:44Z,"Billionaire investor Mark Cuban blasted the Securities and Exchange Commission's approach to cryptocurrency regulation, calling chief Gary Gensler's recent comments ""BS"" on Twitter.
His comments cam… [+1989 chars]"
28,"{'id': 'business-insider', 'name': 'Business Insider'}",insider@insider.com (Sam Becker),"Shorting cryptocurrency is a high-risk, advanced investing strategy. Here's how it works","Investors can short cryptocurrencies like Bitcoin, but high volatility and lack of crypto regulation make it particularly risky.",https://www.businessinsider.com/personal-finance/can-you-short-crypto,https://i.insider.com/630e13db2d6c740018c3feca?width=1200&format=jpeg,2022-08-30T16:35:43Z,"When you think about investing, the idea is usually that you profit when the price of an asset increases, and lose money when it falls.
Another, more-advanced approach is short-selling, or shorting.… [+8172 chars]"
29,"{'id': 'business-insider', 'name': 'Business Insider'}",prosen@insider.com (Phil Rosen),Bitcoin sees its steepest decline in a month as hopes fade for a less hawkish Fed,Bitcoin's 8% dive on Friday dragged the broader crypto market lower as traders digested hawkish hints from the Fed.,https://markets.businessinsider.com/news/currencies/bitcoin-price-today-worlds-biggest-crypto-hawkish-fed-rate-hikes-2022-8,https://i.insider.com/62ff855ff1df7e0018eb481b?width=1200&format=jpeg,2022-08-19T13:06:51Z,"Bitcoin slumped about 8% Friday as markets and investors took in Fed comments that suggested a dovish pivot remained unlikely to happen soon.
The crypto traded at $21,438 Friday at 8:30 a.m. ET, and… [+1514 chars]"
30,"{'id': 'reuters', 'name': 'Reuters'}",,Crypto derivatives volumes surge to $3.12 trillion in July - CryptoCompare - Reuters,"Cryptocurrency derivatives trading on centralised exchanges rose to $3.12 trillion in July, a 13% monthly increase, researcher CryptoCompare said on Thursday, as crypto prices show signs of recovery from the recent market crash.",https://www.reuters.com/technology/crypto-derivatives-volumes-surge-312-trillion-july-cryptocompare-2022-08-11/,https://www.reuters.com/resizer/xTN_w6bEGIrdArCCNImqU8X1WnY=/1200x628/smart/filters:quality(80)/cloudfront-us-east-2.images.arcpublishing.com/reuters/VEMNAX3DIBMGZGCA5HIDFVEFVM.jpg,2022-08-11T16:13:00Z,"LONDON, Aug 11 (Reuters) - Cryptocurrency derivatives trading on centralised exchanges rose to $3.12 trillion in July, a 13% monthly increase, researcher CryptoCompare said on Thursday, as crypto pri… [+2234 chars]"
31,"{'id': 'reuters', 'name': 'Reuters'}",,Crypto exchange FTX ordered to halt 'false and misleading' claims by U.S. bank regulator - Reuters,"A U.S. bank regulator ordered crypto exchange FTX on Friday to halt ""false and misleading"" claims it had made about whether funds at the company are insured by the government.",https://www.reuters.com/markets/us/crypto-exchange-ftx-ordered-halt-false-misleading-claims-by-us-bank-regulator-2022-08-19/,https://www.reuters.com/resizer/MTyN4KO4wAR-TTtIGzUhfLaUDXs=/1200x628/smart/filters:quality(80)/cloudfront-us-east-2.images.arcpublishing.com/reuters/JM3DEK52UFI6PHTYDR3I6XYJT4.jpg,2022-08-19T18:29:00Z,"WASHINGTON, Aug 19 (Reuters) - A U.S. bank regulator ordered crypto exchange FTX on Friday to halt ""false and misleading"" claims it had made about whether funds at the company are insured by the gove… [+477 chars]"
32,"{'id': 'reuters', 'name': 'Reuters'}",,Crypto firm 21.co raises $25 million to value it at $2 billion - Reuters,"Crypto investment product firm 21.co, parent of 21Shares, said on Tuesday it had raised $25 million in a funding round led by Marshall Wallace that valued the company at $2 billion.",https://www.reuters.com/markets/currencies/crypto-firm-21co-raises-25-million-value-it-2-billion-2022-09-06/,https://www.reuters.com/pf/resources/images/reuters/reuters-default.png?d=109,2022-09-06T07:10:00Z,"Sept 6 (Reuters) - Crypto investment product firm 21.co, parent of 21Shares, said on Tuesday it had raised $25 million in a funding round led by Marshall Wallace that valued the company at $2 billion… [+481 chars]"
33,"{'id': 'reuters', 'name': 'Reuters'}",,"Celsius crypto lender, now bankrupt, sues ex-money manager over alleged theft - Reuters","Celsius Network LLC on Tuesday sued a former investment manager, accusing him of losing or stealing tens of millions of dollars in assets before the crypto lender went bankrupt last month.",https://www.reuters.com/markets/us/celsius-crypto-lender-now-bankrupt-sues-ex-money-manager-over-alleged-theft-2022-08-23/,https://www.reuters.com/resizer/uJgKQlt9H2-QRBNNtsphbNuVQ04=/1200x628/smart/filters:quality(80)/cloudfront-us-east-2.images.arcpublishing.com/reuters/BFAWGCSD4NON5PI67LAGTF6OPE.jpg,2022-08-23T20:10:00Z,"NEW YORK, Aug 23 (Reuters) - Celsius Network LLC on Tuesday sued a former investment manager, accusing him of losing or stealing tens of millions of dollars in assets before the crypto lender went ba… [+2195 chars]"
34,"{'id': 'reuters', 'name': 'Reuters'}",,Crypto investors' class settlement with Block.one killed by N.Y. judge - Reuters,"Settlements in securities class actions by cryptocurrency investors are exceedingly rare. Crypto token issuers, broadly speaking, designed their offerings to evade the reach of U.S. securities laws, at least as they’re wielded by private investors.",https://www.reuters.com/legal/transactional/crypto-investors-class-settlement-with-blockone-killed-by-ny-judge-2022-08-16/,https://www.reuters.com/resizer/bdYK8EI7djRsnZQiAK9aNfzkgAI=/728x381/smart/filters:quality(80)/cloudfront-us-east-2.images.arcpublishing.com/reuters/HNZA5WANNBK7TIH5I4N4QKUFDY.jpg,2022-08-16T21:10:00Z,"<ul><li>
Law firms</li><li>
Related documents</li></ul>
(Reuters) - Settlements in securities class actions by cryptocurrency investors are exceedingly rare. Crypto token issuers, broadly speaking… [+6782 chars]"
35,"{'id': 'reuters', 'name': 'Reuters'}",,"Crypto firm Prime Blockchain, 10X SPAC end $1.25 bln merger deal - Reuters.com","Blank-check vehicle 10X Capital Venture Acquisition Corp II <a href=""https://www.reuters.com/companies/VCXA.O"" target=""_blank"">(VCXA.O)</a> said on Monday it has mutually ended its $1.25 billion merger deal with crypto mining and infrastructure company Prime …",https://www.reuters.com/technology/crypto-firm-prime-blockchain-10x-spac-end-125-bln-merger-deal-2022-08-15/,https://www.reuters.com/pf/resources/images/reuters/reuters-default.png?d=107,2022-08-15T11:54:00Z,Aug 15 (Reuters) - Blank-check vehicle 10X Capital Venture Acquisition Corp II (VCXA.O) said on Monday it has mutually ended its $1.25 billion merger deal with crypto mining and infrastructure compan… [+938 chars]
36,"{'id': 'reuters', 'name': 'Reuters'}",,Indonesia's tech firm GoTo buys local crypto exchange for $8.4 mln - Reuters,"Indonesia's biggest tech firm PT GoTo Gojek Tokopedia Tbk (GoTo) entered cryptocurrency business by acquiring local crypto exchange PT Kripto Maksima Koin in a bid to diversify its services, GoTo said in a statement.",https://www.reuters.com/technology/indonesias-tech-firm-goto-buys-local-crypto-exchange-84-mln-2022-08-29/,https://www.reuters.com/pf/resources/images/reuters/reuters-default.png?d=108,2022-08-29T15:58:00Z,"JAKARTA, Aug 29 (Reuters) - Indonesia's biggest tech firm PT GoTo Gojek Tokopedia Tbk (GoTo) entered cryptocurrency business by acquiring local crypto exchange PT Kripto Maksima Koin in a bid to dive… [+1302 chars]"
37,"{'id': 'reuters', 'name': 'Reuters'}",,Abrdn buys stake in digital assets exchange Archax - Reuters,"British asset manager abrdn <a href=""https://www.reuters.com/companies/ABDN.L"" target=""_blank"">(ABDN.L)</a> has bought a stake in digital assets exchange Archax, amid a wider push by investors into crypto-assets despite a recent plunge in value.",https://www.reuters.com/markets/europe/abrdn-buys-stake-digital-assets-exchange-archax-2022-08-12/,https://www.reuters.com/resizer/N0rhUs3arZyysc2nKvK3pt-nLJE=/1200x628/smart/filters:quality(80)/cloudfront-us-east-2.images.arcpublishing.com/reuters/BI2HO5U3KZMKPFSW2XCORBT4AY.jpg,2022-08-12T08:59:00Z,"LONDON, Aug 12 (Reuters) - British asset manager abrdn (ABDN.L) has bought a stake in digital assets exchange Archax, amid a wider push by investors into crypto-assets despite a recent plunge in valu… [+1333 chars]"
38,"{'id': 'reuters', 'name': 'Reuters'}",,Crypto trader can sue IRS over 'John Doe' summons for Coinbase records - 1st Circ - Reuters,The U.S. Internal Revenue Service risks losing a blunt weapon in its years-long campaign to collect income taxes from cryptocurrency investors after a ruling from the 1st U.S. Circuit Court of Appeals.,https://www.reuters.com/legal/government/crypto-trader-can-sue-irs-over-john-doe-summons-coinbase-records-1st-circ-2022-08-19/,https://www.reuters.com/resizer/DcjNoNty9qPX2EiU1Vy4raIFFEY=/728x381/smart/filters:quality(80)/cloudfront-us-east-2.images.arcpublishing.com/reuters/VUXS5NOGF5K2BM63HSMM5Q4ISY.jpg,2022-08-19T20:22:00Z,(Reuters) - The U.S. Internal Revenue Service risks losing a blunt weapon in its years-long campaign to collect income taxes from cryptocurrency investors after a ruling from the 1st U.S. Circuit Cou… [+6109 chars]
39,"{'id': 'business-insider', 'name': 'Business Insider'}",sdelouya@insider.com (Samantha Delouya),"Lawsuit claims Mark Cuban and the Dallas Mavericks 'duped' customers into investing with the now-bankrupt crypto platform Voyager Digital, resulting in $5 billion in losses","A group of investors is suing Mark Cuban and the Dallas Mavericks, claiming their promotion of a now-bankrupt crypto platform led to billions of dollars in losses.",https://www.businessinsider.com/mark-cuban-crypto-trading-bankrupt-voyager-digital-lawsuit-ponzi-report-2022-8,https://i.insider.com/62f6aad5f16a0d0018e660bf?width=1200&format=jpeg,2022-08-12T23:08:39Z,"A group of disgruntled investors claimed in a new lawsuit that Mark Cuban and the Dallas Mavericks allegedly duped them into putting money into what the suit says is a ""massive Ponzi scheme."" 
The p… [+2732 chars]"
40,"{'id': 'business-insider', 'name': 'Business Insider'}",jsor@insider.com (Jennifer Sor),"The social aspects and sense of community are the crypto market's biggest allure and its biggest danger, experts say","The social aspect is an alluring part of crypto - and that's been a dangerous pitfall for some investors, as FOMO encourages big risk taking.",https://markets.businessinsider.com/news/currencies/crypto-crash-social-media-celsius-bankruptcy-amateur-investors-influencers-2022-8,https://i.insider.com/62ffd07aec781d001868f026?width=1200&format=jpeg,2022-08-20T12:45:00Z,"Tiffany Fong, a retail investor in crypto, has mostly shrugged off her losses from the great crypto crash of 2022 at this point, but she still remembers the sting of embarrassment in discovering she'… [+5488 chars]"
41,"{'id': 'business-insider', 'name': 'Business Insider'}",prosen@insider.com (Phil Rosen),"Tornado Cash was the preferred 'laundering tool' for most NFT scammers before it was sanctioned by the US Treasury, says Elliptic","The crypto mixing platform was the ""laundering tool of choice"" for 52% of NFT scammers, Elliptic Enterprises wrote in a report.",https://markets.businessinsider.com/news/currencies/tornado-cash-nft-us-sanctions-cryptocurrency-crypto-korea-assets-north-2022-8,https://i.insider.com/63076b23830ed800183fb376?width=1200&format=jpeg,2022-08-25T13:18:29Z,"Bad actors turned to Tornado Cash as their preferred tool for laundering cryptocurrency proceeds from non-fungible token scams, research firm Elliptic Enterprises wrote in a Wednesday report. 
The p… [+1014 chars]"
42,"{'id': 'business-insider', 'name': 'Business Insider'}",jerb@insider.com (Jordan Parker Erb),Crypto influencers pedal questionable advice and profit off their viewers — no matter which way the market turns,"Crypto influencers have stepped up to offer advice to millions of people, and even though their advice is often wrong, they still profit off fans.",https://www.businessinsider.com/rise-of-cryptocurrency-hype-men-influencers-advice-2022-8,https://i.insider.com/630bce54417a0a0019107555?width=1200&format=jpeg,2022-08-29T10:21:18Z,"Welcome back, readers. The year is 2022, and our social media feeds are filled with influencers.
There are water park influencers, pet influencers, and LinkedIn influencers. And in another corner of… [+4121 chars]"
43,"{'id': 'business-insider', 'name': 'Business Insider'}",insider@insider.com (Carla Mozée),BlackRock says it will offer clients spot bitcoin exposure a week after partnering with Coinbase for institutional trading push,BlackRock's new private trust for US institutional clients arrives during the 'crypto winter' that has seen bitcoin's value slide since late 2021.,https://markets.businessinsider.com/news/currencies/bitcoin-blackrock-cryptocurrencies-private-spot-trust-institutional-clients-coinbase-winter-2022-8,https://i.insider.com/62010c14bd5041001918f59b?width=1200&format=jpeg,2022-08-11T16:59:41Z,"BlackRock is extending its reach into the crypto world by launching a private trust for institutional clients to provide spot bitcoin exposure, making the move during a lengthy downturn for digital-a… [+1833 chars]"
44,"{'id': 'business-insider', 'name': 'Business Insider'}",jsor@insider.com (Jennifer Sor),Dutch police arrested a suspected developer of the US-sanctioned Tornado Cash crypto mixer and are looking into potentially more arrests,"A Tornado Cash developer has been arrested for of helping money launderers on the crypto-mixing platform, and police say more arrests are possible.",https://markets.businessinsider.com/news/currencies/tornado-cash-crypto-mixer-developer-suspect-money-laundering-north-korea-2022-8,https://i.insider.com/606c2afca7d803001963ee59?width=1200&format=jpeg,2022-08-12T15:54:08Z,"The Netherlands Crime Agency (FIOD) said it arrested a 29-year-old who is a suspected developer of Tornado Cash, the crypto mixer that was slapped with US sanctions earlier this week.
The platform, … [+1494 chars]"
45,"{'id': 'business-insider', 'name': 'Business Insider'}",gkay@insider.com (Grace Kay),Dogecoin creator claims Mark Cuban is running a crypto 'grift:' He seems to have 'drunk the Kool-Aid',"""Sounds like the same thing that has been said about every new technology I've been involved in,"" Mark Cuban told Insider.",https://www.businessinsider.com/dogecoin-creator-mark-cuban-running-crypto-grift-2022-9,https://i.insider.com/631b55450a329a0011e3a50b?width=1200&format=jpeg,2022-09-09T15:38:26Z,"Dogecoin Co-Creator Jackson Palmer had some harsh words for crypto enthusiasts like Mark Cuban.
In an interview with Insider, Palmer said Cuban seems to have ""drunk the Kool-Aid"" when it comes to cr… [+3475 chars]"
46,"{'id': 'business-insider', 'name': 'Business Insider'}",insider@insider.com (Carla Mozée),Sam Bankman-Fried says his bailouts of sputtering crypto firms were snap judgments and the results have been mixed,FTX's Sam Bankman-Fried told Bloomberg the goal in spearheading crypto bailout deals was to backstop companies rather than make a fortune.,https://markets.businessinsider.com/news/currencies/sam-bankman-fried-crypto-bitcoin-bailouts-ftx-voyager-digital-blockfi-2022-8,https://i.insider.com/6132030b9ef1e50018f9a1ba?width=1200&format=jpeg,2022-08-31T16:58:15Z,"Billionaire Sam Bankman-Fried has stepped up this year to throw financial lifelines to struggling cryptocurrency firms and the results have been ""mixed,"" he told Bloomberg. 
The ongoing ""crypto wint… [+2210 chars]"
47,"{'id': 'business-insider', 'name': 'Business Insider'}",insider@insider.com (Carla Mozée),Bitcoin jumps more than 10% as risk appetite ramps up on a pullback in the US dollar from 20-year highs,"Bitcoin bounced above $21,000 for the first time in two weeks, helping the broader crypto market recapture a valuation of more than $1 trillion.",https://markets.businessinsider.com/news/currencies/bitcoin-price-today-cryptocurrencies-stocks-us-dollar-crypto-markets-ethereum-2022-9,https://i.insider.com/62faacfff16a0d0018e69ae1?width=1200&format=jpeg,2022-09-09T19:07:59Z,"Bitcoin leapt to a two-week high Friday as a drop in the strong US dollar helped fuel a jump in stocks and other risk assets. 
Bitcoin gained as much as 13% to $21,375.38, the first time the price h… [+2116 chars]"
48,"{'id': 'reuters', 'name': 'Reuters'}",,Brazil's central bank chief says credit card will cease to exist soon - Reuters,"Brazil's central bank chief Roberto Campos Neto on Friday said he believes credit cards will cease to exist soon due to the growth of the open finance system, through which clients authorize financial data sharing with different institutions.",https://www.reuters.com/world/americas/brazils-central-bank-chief-says-credit-card-will-cease-exist-soon-2022-08-12/,https://www.reuters.com/resizer/ODHRzZIzPHl1NcLlEBIEE2u0_HE=/1200x628/smart/filters:quality(80)/cloudfront-us-east-2.images.arcpublishing.com/reuters/5RLOCECHIRLNHFKXNSW7PY3GKU.jpg,2022-08-12T13:36:00Z,"BRASILIA, Aug 12 (Reuters) - Brazil's central bank chief Roberto Campos Neto on Friday said he believes credit cards will cease to exist soon due to the growth of the open finance system, through whi… [+490 chars]"
49,"{'id': 'the-verge', 'name': 'The Verge'}",Tom Warren,Nvidia to announce next-gen GPU architecture in September amid RTX 4090 rumors,"Nvidia is getting ready to announce its next-gen GPU architecture. Codenamed Lovelace, it’s expected to lay the foundations for the RTX 40-series GPUs.",https://www.theverge.com/2022/8/25/23321307/nvidia-next-gen-gpu-architecture-rtx-40-series-gtc-2022,https://cdn.vox-cdn.com/thumbor/veMh_fTCaXM9jyzunIzLKndS8UQ=/0x146:2040x1214/fit-in/1200x630/cdn.vox-cdn.com/uploads/chorus_asset/file/16303089/DSC00697.jpg,2022-08-25T08:51:20Z,"RTX 40-series cards could be on the way soon
If you buy something from a Verge link, Vox Media may earn a commission. See our ethics statement.
Photo by Sam Byford / The Verge
Nvidia is getting re… [+2278 chars]"
50,"{'id': 'reuters', 'name': 'Reuters'}",,BlackRock launches spot bitcoin private trust for U.S. clients - Reuters,"BlackRock Inc <a href=""https://www.reuters.com/companies/BLK.N"" target=""_blank"">(BLK.N)</a>, the world's biggest asset manager, has launched a spot bitcoin private trust for institutional clients in the United States, according to a blog post on its website.",https://www.reuters.com/technology/blackrock-launches-spot-bitcoin-private-trust-us-clients-2022-08-11/,https://www.reuters.com/resizer/dm3gxxy55l135TSvy6WVVBxoBMo=/1200x628/smart/filters:quality(80)/cloudfront-us-east-2.images.arcpublishing.com/reuters/RW5HROCP6NNKXKM3TSRKNQRYSQ.jpg,2022-08-11T13:49:00Z,"Aug 11 (Reuters) - BlackRock Inc (BLK.N), the world's biggest asset manager, has launched a spot bitcoin private trust for institutional clients in the United States, according to a blog post on its … [+1171 chars]"
51,"{'id': 'reuters', 'name': 'Reuters'}",,Tether wants Roche Freedman off case over founder's alleged conflict - Reuters,Tether wants Roche Freedman removed from a case against the cryptocurrency company after allegations that one of the law firm's founders abused investor lawsuits to aid a corporate client.,https://www.reuters.com/legal/government/tether-wants-roche-freedman-off-case-over-founders-alleged-conflict-2022-09-01/,https://www.reuters.com/pf/resources/images/reuters/reuters-default.png?d=109,2022-09-01T18:52:00Z,"<ul><li>
Summary</li><li>
Companies</li><li>
Law firms</li><li>
Related documents</li></ul>
(Reuters) - Tether wants Roche Freedman removed from a case against the cryptocurrency company after a… [+2796 chars]"
52,"{'id': 'reuters', 'name': 'Reuters'}",,Binance to convert users' USDC into its own stablecoin - Reuters,"Binance, the world's largest crypto exchange, said on Monday it is introducing ""BUSD Auto-Conversion,"" which will be used to convert any existing user balances and new deposits of USD Coin (USDC), Pax Dollar (USDP) and True USD (TUSD) into its own stablecoin.",https://www.reuters.com/technology/binance-convert-users-usdc-into-its-own-stablecoin-2022-09-05/,https://www.reuters.com/resizer/KPy-CbHD2qgsS6eQyJaTQhTkz08=/1200x628/smart/filters:quality(80)/cloudfront-us-east-2.images.arcpublishing.com/reuters/O2I777GS45LQBIKLNQIJSSQDCI.jpg,2022-09-05T21:54:00Z,"Sept 5 (Reuters) - Binance, the world's largest crypto exchange, said on Monday it is introducing ""BUSD Auto-Conversion,"" which will be used to convert any existing user balances and new deposits of … [+918 chars]"
53,"{'id': 'reuters', 'name': 'Reuters'}",,Losses from crypto hacks surged 60% to $1.9 bln in Jan-July -Chainalysis - Reuters,"Losses arising from cryptocurrency hacks jumped nearly 60% in the first seven months of the year to $1.9 billion, propelled by a surge in funds stolen from decentralized finance (DeFi) protocols, according to a blog post from blockchain analysis firm Chainaly…",https://www.reuters.com/markets/us/losses-crypto-hacks-surged-60-19-bln-jan-july-chainalysis-2022-08-16/,https://www.reuters.com/resizer/ybcM0t3ZkbmcG5prhCuzON2vmgg=/1200x628/smart/filters:quality(80)/cloudfront-us-east-2.images.arcpublishing.com/reuters/GLY55FLNLBKZLNM7JXP3W4RIKA.jpg,2022-08-16T11:38:00Z,"NEW YORK, Aug 16 (Reuters) - Losses arising from cryptocurrency hacks jumped nearly 60% in the first seven months of the year to $1.9 billion, propelled by a surge in funds stolen from decentralized … [+2986 chars]"
54,"{'id': 'business-insider', 'name': 'Business Insider'}",ztayeb@businessinsider.com (Zahra Tayeb),"Sam Bankman-Fried's FTX exchange grew revenue more than 1,000% year-on-year in 2021 amid the crypto boom, leaked docs reportedly show","FTX's revenue soared from $89 million in 2020 to $1.02 billion in 2021, according to leaked internal documents obtained by CNBC.",https://markets.businessinsider.com/news/currencies/ftx-crypto-exchange-revenue-bankman-fried-1000-percent-boom-2022-8,https://i.insider.com/6128f88812b9cc0019631c23?width=1200&format=jpeg,2022-08-22T12:23:55Z,"Sam Bankman-Fried's crypto exchange FTX grew revenue by more than 1,000% year-on-year in 2021, according to leaked internal documents obtained by CNBC. 
Revenue skyrocketed from $89 million in 2020 … [+1478 chars]"
55,"{'id': 'reuters', 'name': 'Reuters'}",,Thai lender SCBX scraps $500 mln acquisition of crypto exchange Bitkub - Reuters,"Thailand's oldest lender, SCBX Pcl <a href=""https://www.reuters.com/companies/SCB.BK"" target=""_blank"">(SCB.BK)</a> said on Thursday it was pulling out of a $500 million deal to buy crypto exchange Bitkub, saying the startup needed time to fix regulatory issue…",https://www.reuters.com/markets/deals/thai-lender-scbx-scraps-500-mln-acquisition-crypto-exchange-bitkub-2022-08-25/,https://www.reuters.com/resizer/xTN_w6bEGIrdArCCNImqU8X1WnY=/1200x628/smart/filters:quality(80)/cloudfront-us-east-2.images.arcpublishing.com/reuters/VEMNAX3DIBMGZGCA5HIDFVEFVM.jpg,2022-08-25T07:12:00Z,"BANGKOK, Aug 25 (Reuters) - Thailand's oldest lender, SCBX Pcl (SCB.BK) said on Thursday it was pulling out of a $500 million deal to buy crypto exchange Bitkub, saying the startup needed time to fix… [+1218 chars]"
56,"{'id': 'reuters', 'name': 'Reuters'}",,Cboe says Robinhood and Virtu among potential equity partners in crypto exchange - Reuters,"Cboe Global Markets Inc <a href=""https://www.reuters.com/companies/CBOE.Z"" target=""_blank"">(CBOE.Z)</a> on Thursday said it is in discussions with several market participants, including retail brokers and market makers, about taking strategic stakes in its re…",https://www.reuters.com/markets/us/cboe-says-robinhood-virtu-among-potential-equity-partners-crypto-exchange-2022-08-25/,https://www.reuters.com/resizer/J31baCTB_IftW3k-DDBr1yQ5gyk=/1200x628/smart/filters:quality(80)/cloudfront-us-east-2.images.arcpublishing.com/reuters/3XXXH6VWAFKLNABL34EO572H2U.jpg,2022-08-25T15:00:00Z,"Aug 25 (Reuters) - Cboe Global Markets Inc (CBOE.Z) on Thursday said it is in discussions with several market participants, including retail brokers and market makers, about taking strategic stakes i… [+1608 chars]"
57,"{'id': 'reuters', 'name': 'Reuters'}",,State securities regulators seek more transparency in Celsius crypto bankruptcy - Reuters,"State securities regulators from Texas, Vermont and Wisconsin on Wednesday pushed for greater transparency in the bankruptcy of cryptocurrency lender Celsius Network LLC, joining the U.S. Department of Justice's call for a court-appointed examiner to ensure t…",https://www.reuters.com/legal/litigation/state-securities-regulators-seek-more-transparency-celsius-crypto-bankruptcy-2022-09-07/,https://www.reuters.com/resizer/iDrJ3KoGr6uC7nKcdYCL-H6rSxk=/728x381/smart/filters:quality(80)/cloudfront-us-east-2.images.arcpublishing.com/reuters/HRTHY7YFRFPXHI2UZDISGXD33U.jpg,2022-09-07T22:25:00Z,"<ul><li>
Summary</li><li>
Companies</li><li>
Law firms</li></ul>
(Reuters) - State securities regulators from Texas, Vermont and Wisconsin on Wednesday pushed for greater transparency in the bank… [+3479 chars]"
58,"{'id': 'reuters', 'name': 'Reuters'}",,Wire fraud: the most powerful law in crypto right now - Reuters,"Regulation and enforcement in the cryptocurrency space are hot topics, with the debate centered around the complex issue of whether to classify digital assets as securities, commodities, or a separate asset class entirely. In the middle of this debate, the De…",https://www.reuters.com/legal/legalindustry/wire-fraud-most-powerful-law-crypto-right-now-2022-08-23/,https://www.reuters.com/resizer/pr3gL_pXla3PQV4cn1W_JePJJ64=/1200x628/smart/filters:quality(80)/cloudfront-us-east-2.images.arcpublishing.com/reuters/HJDYMEREYFLQFPCH6PHBFH2UTA.jpg,2022-08-23T15:38:00Z,"August 23, 2022 - Regulation and enforcement in the cryptocurrency space are hot topics, with the debate centered around the complex issue of whether to classify digital assets as securities, commodi… [+10235 chars]"
59,"{'id': 'reuters', 'name': 'Reuters'}",,EXCLUSIVE U.S. sought records on Binance CEO for crypto money laundering probe - Reuters,"U.S. federal prosecutors asked Binance, the world's largest cryptocurrency exchange, to provide extensive internal records about its anti-money laundering checks, along with communications involving its chief executive and founder Changpeng Zhao, according to…",https://www.reuters.com/technology/exclusive-us-sought-records-binance-ceo-crypto-money-laundering-probe-2022-09-01/,https://www.reuters.com/resizer/Qr8-pMfjB6D8CgK24KUZ_iVS5WQ=/1200x628/smart/filters:quality(80)/cloudfront-us-east-2.images.arcpublishing.com/reuters/UOLJ2RZLOZJ3RPIGRH2AHZTF34.jpg,2022-09-01T12:07:00Z,"LONDON, Sept 1 (Reuters) - U.S. federal prosecutors asked Binance, the world's largest cryptocurrency exchange, to provide extensive internal records about its anti-money laundering checks, along wit… [+8045 chars]"
60,"{'id': 'reuters', 'name': 'Reuters'}",,Lawyer of alleged crypto launderer urges Russia to discuss prisoner swap - letter - Reuters,The lawyer of a Russian man accused of laundering more than $4 billion through the digital currency bitcoin urged Moscow on Monday to begin negotiations with the United States to include his client in a potential prisoner swap.,https://www.reuters.com/world/europe/lawyer-alleged-crypto-launderer-urges-russia-discuss-prisoner-swap-letter-2022-09-05/,https://www.reuters.com/resizer/ibTu9Ia1Og3Fyo5MFwGwsUetBcw=/1200x628/smart/filters:quality(80)/cloudfront-us-east-2.images.arcpublishing.com/reuters/R7M3WV7F4ZOSFGXHLJJRLKQ6MA.jpg,2022-09-05T19:17:00Z,"MOSCOW, Sept 5 (Reuters) - The lawyer of a Russian man accused of laundering more than $4 billion through the digital currency bitcoin urged Moscow on Monday to begin negotiations with the United Sta… [+2472 chars]"
61,"{'id': 'reuters', 'name': 'Reuters'}",,Law firms seek to oust Roche Freedman from Tether crypto case - Reuters,"Law firms seeking to lead a class-action lawsuit against stablecoin creator Tether on behalf of cryptocurrency investors have seized on secretly recorded comments by a lawyer at a competitor firm, Roche Freedman, to try to oust it from the litigation.",https://www.reuters.com/legal/transactional/law-firms-seek-oust-roche-freedman-tether-crypto-case-2022-09-06/,https://www.reuters.com/resizer/T01mfnkxj8pqZh7MYjP18Iyw_c0=/728x381/smart/filters:quality(80)/cloudfront-us-east-2.images.arcpublishing.com/reuters/U32NKTQZJBN4DPWAJNJCBYNDCM.jpg,2022-09-06T20:36:00Z,"<ul><li>
Summary</li><li>
Companies</li><li>
Law firms</li><li>
Related documents</li></ul>
(Reuters) - Law firms seeking to lead a class-action lawsuit against stablecoin creator Tether on beha… [+3020 chars]"
62,"{'id': 'business-insider', 'name': 'Business Insider'}",jsor@insider.com (Jennifer Sor),FDIC orders Sam Bankman-Fried's FTX and other crypto sites to stop telling customers their funds are insured,"The FDIC issued a flurry of cease-and-desist letters on Friday, demanding firms stop saying that customer funds were insured by the regulator.",https://markets.businessinsider.com/news/currencies/fdic-ftx-sam-bankman-fried-crypto-exchange-regulation-insured-deposits-2022-8,https://i.insider.com/62bee121ada84d0019b7af57?width=1200&format=jpeg,2022-08-22T14:45:44Z,"The Federal Deposit Insurance Corporation handed out cease-and-desist letters to five crypto sites on Friday, demanding they stop telling customers their funds were insured by the regulator. 
Sam Ba… [+2086 chars]"
63,"{'id': 'business-insider', 'name': 'Business Insider'}",bevans@insider.com (Brian Evans),Billionaire Carlyle co-founder David Rubenstein says he's invested in crypto companies and doesn't expect Congress to over-regulate the industry,"""Young people tend to have the intelligence and energy to kind of get trends started,"" Rubenstein said in an interview with CNBC.",https://markets.businessinsider.com/news/currencies/david-rubenstein-crypto-investments-bitcoin-ether-markets-news-2022-9,https://i.insider.com/6310b9383e08f700196c5608?width=1200&format=jpeg,2022-09-01T14:18:04Z,"Billionaire David Rubenstein says he's personally invested in companies doing work in the cryptocurrency sector and is optimistic that government regulation won't hit the brakes on the industry. 
Ru… [+1164 chars]"
64,"{'id': 'business-insider', 'name': 'Business Insider'}",aweinman@businessinsider.com (Aaron Weinman),"It took seven months and an audit for Crypto.com to realize its $10 million error, but a lucky Australian recipient used the cash to nab her dream home","The crypto company took seven months to realize it had accidentally wired Thevamanogari Manivel the extra money, but she had already put a portion of the cash toward a $1.35 million home.",https://www.businessinsider.com/crypto-thevamanogari-manivel-australia-error-audit-lawsuit-digital-assets-2022-9,https://i.insider.com/630fc2ba3fe7c40019e4c475?width=1200&format=jpeg,2022-08-31T23:30:00Z,"Hi. I'm Aaron Weinman. I remember one day after high school, I went to the local ""milk bar"" (Australia's version of the bodega) to withdraw $50 from the ATM. I was excited. I was off to the ""shops"" (… [+4561 chars]"
65,"{'id': 'business-insider', 'name': 'Business Insider'}",insider@insider.com (Carla Mozée),Crypto and clean-energy stocks are at the center of the latest meme stock rally sparked by Bed Bath & Beyond's massive surge in recent weeks,"The meme-stock rally revolving around Bed Bath & Beyond also includes action in Roblox and Rivian, and ""classic"" names GameStop and AMC.",https://markets.businessinsider.com/news/stocks/meme-stocks-rally-bed-bath-crypto-clean-energy-markets-retail-2022-8,https://i.insider.com/61eeabbdd26530001804550c?width=1200&format=jpeg,2022-08-17T19:20:42Z,"Bed Bath &amp; Beyond has been at the fore of a new rally in meme stocks but shares of crypto companies and renewable energy firms have also found favor with retail investors, Vanda Research said Wed… [+2254 chars]"
66,"{'id': 'business-insider', 'name': 'Business Insider'}",jsor@insider.com (Jennifer Sor),"Bankrupt crypto lender Celsius will allow withdrawals for some customers, potentially returning $210 million to users who were locked out during the summer sell-off","Separately, 64 customers petitioned to have their custodial deposits returned, arguing Celsius has the ability to do so.",https://markets.businessinsider.com/news/currencies/celsius-network-bankrupt-customers-crypto-lender-withdrawals-custodial-court-2022-9,https://i.insider.com/6310c9883e08f700196c596b?width=1200&format=jpeg,2022-09-01T15:53:07Z,"Crypto lender Celsius Network will allow withdrawals from some of its customers, potentially returning $210 million to users who were locked out of their accounts this summer.
Celsius paused custome… [+1329 chars]"
67,"{'id': 'business-insider', 'name': 'Business Insider'}",insider@insider.com (Katie Canales),The founder of a crypto powerhouse says Meta and Microsoft are 'digital dictatorships' and wants to crush their dominance in the online world,The founder of Animoca Brands told Bloomberg that his company and Web3's goal is to strip power from major tech giants.,https://www.businessinsider.com/crypto-meta-microsoft-digital-dictatorships-animoca-yat-siu-2022-8,https://i.insider.com/62fe4cb1f1df7e0018eb169d?width=1200&format=jpeg,2022-08-18T16:14:17Z,"Big tech critics have long singled out the industry as having too much power, and the cofounder of a powerful crypto giant just chimed in on the matter.
Yat Sui, who leads Hong Kong-based Animoca Br… [+1885 chars]"
68,"{'id': 'business-insider', 'name': 'Business Insider'}",ajoyner@businessinsider.com (April Joyner),SEC Chair Gary Gensler sends a message to crypto startup founders and VCs: 'This field will not take off unless you have some trust',SEC Chair Gary Gensler said at the NYC Summit that he believes most cryptocurrencies are securities and fall under his agency's scope.,https://www.businessinsider.com/sec-gary-gensler-crypto-regulation-startups-vcs-tokens-securities-2022-9,https://i.insider.com/60fae0f30729770012b98ffc?width=1200&format=jpeg,2022-09-08T16:32:04Z,"The crypto industry is not going to make it without increased regulation to build trust among investors and the general public, says Gary Gensler, the chair of the Securities and Exchange Commission.… [+1490 chars]"
69,"{'id': 'reuters', 'name': 'Reuters'}",,China's Huobi founder looks to sell stake for over $1 bln- Bloomberg News - Reuters,"The founder of China's Huobi Group, which runs one of the world's largest cryptocurrency exchanges, is in talks with investors to sell his almost 60% stake in the exchange for over $1 billion, Bloomberg News reported on Friday.",https://www.reuters.com/markets/us/chinas-huobi-founder-looks-sell-stake-over-1-bln-bloomberg-news-2022-08-12/,https://www.reuters.com/pf/resources/images/reuters/reuters-default.png?d=107,2022-08-12T08:20:00Z,"Aug 12 (Reuters) - The founder of China's Huobi Group, which runs one of the world's largest cryptocurrency exchanges, is in talks with investors to sell his almost 60% stake in the exchange for over… [+1603 chars]"
70,"{'id': 'reuters', 'name': 'Reuters'}",,Valereum to end bitcoin mining to focus on Gibraltar exchange - Reuters,"Blockchain company Valereum <a href=""https://www.reuters.com/companies/6TJ.SG"" target=""_blank"">(6TJ.SG)</a> said on Thursday it was selling its bitcoin mining assets to Vinanz Ltd for a 24% stake in the company as part of plans to acquire and expand the Gibra…",https://www.reuters.com/technology/valereum-end-bitcoin-mining-focus-gibraltar-exchange-2022-08-18/,https://www.reuters.com/pf/resources/images/reuters/reuters-default.png?d=108,2022-08-18T10:56:00Z,"LONDON, Aug 18 (Reuters) - Blockchain company Valereum (6TJ.SG) said on Thursday it was selling its bitcoin mining assets to Vinanz Ltd for a 24% stake in the company as part of plans to acquire and … [+1577 chars]"
71,"{'id': 'reuters', 'name': 'Reuters'}",,Cryptoverse: Bleeding bitcoin's holding out for a hero - Reuters,Cryptoverse: Bleeding bitcoin's holding out for a hero  Reuters,https://www.reuters.com/markets/europe/cryptoverse-bleeding-bitcoins-holding-out-hero-2022-08-30/,https://www.reuters.com/resizer/14CC3_xOfbC5OEGUr3z7N39xNHg=/1200x628/smart/filters:quality(80)/cloudfront-us-east-2.images.arcpublishing.com/reuters/BUOALE3VDVLURENRYFCO2JVESE.jpg,2022-08-30T05:16:00Z,"Aug 30 (Reuters) - Who can save bitcoin?
The world's biggest cryptocurrency can't seem to catch a break. It finally looked to be regaining strength this month, breaching $25,000 for the first time s… [+3695 chars]"
72,"{'id': 'business-insider', 'name': 'Business Insider'}",tmohamed@businessinsider.com (Theron Mohamed),"'Big Short' investor Michael Burry says the epic market crash he predicted is in full swing - and flags crypto, SPACs, and meme stocks as early victims","Burry, who repeatedly sounded the alarm on the boom in speculative assets, checked off his forecast of the bubble bursting as another correct call.",https://markets.businessinsider.com/news/stocks/big-short-michael-burry-meme-stocks-crypto-bubble-market-crash-2022-9,https://i.insider.com/6267b7d30bd64800192c32a6?width=1200&format=jpeg,2022-09-07T11:38:44Z,"Michael Burry identified a market bubble of unprecedented size and scope last summer, and warned the investors buying into the hype and speculation to brace for a historic crash.
The fund manager of… [+2311 chars]"
73,"{'id': 'business-insider', 'name': 'Business Insider'}",mloh@businessinsider.com (Matthew Loh),Elon Musk's crypto interview was broadcast on the South Korean government's YouTube channel that was hacked and renamed 'SpaceX Invest',The breach on Saturday morning is the fourth time in the last two weeks that a YouTube channel run by the South Korean government was hacked.,https://www.businessinsider.com/elon-musk-crypto-interview-streams-hacked-south-korean-governments-youtube-2022-9,https://i.insider.com/631567f8ed92be0018c5dd1d?width=1200&format=jpeg,2022-09-05T03:48:07Z,"The South Korean government's official YouTube channel was hacked on Saturday morning to broadcast a video featuring billionaire Elon Musk chatting about cryptocurrency, according to local media repo… [+1879 chars]"
74,"{'id': 'business-insider', 'name': 'Business Insider'}",stabahriti@insider.com (Sam Tabahriti),The 'head trader' of a $100 million investment fraud scheme posing as a crypto platform called EmpiresX has pleaded guilty,Joshua David Nicholas of EmpiresX pleaded guilty to conspiracy to commit securities fraud in what the Department of Justice said was a Ponzi scheme.,https://www.businessinsider.com/head-trader-fake-crypto-platform-empiresx-pleaded-guilty-fraud-2022-9,https://i.insider.com/631c47cdc3104e0012506951?width=1200&format=jpeg,2022-09-10T14:37:00Z,"The ""head trader"" of an investment fraud scheme posing as a cryptocurrency platform that defrauded investors of about $100 million has pleaded guilty to one count of conspiracy to commit securities f… [+1577 chars]"
75,"{'id': 'business-insider', 'name': 'Business Insider'}",mchittum@insider.com (Morgan Chittum),"Nelly Chatue-Diop's Web3 startup secured a $2 million VC-backed raise without a marketing budget — and raked in 50,000 users in a year. Here's how the exec plans to offer crypto and investment services in Francophone Africa.","Instead of relying on traditional advertising, a Web3 startup marketed itself by having staff knock on doors in neighborhoods throughout the region.",https://www.businessinsider.com/crypto-exec-on-offering-investment-services-in-francophone-africa-2022-8,https://i.insider.com/62e981ff57dd3c0018dc1c1e?width=1200&format=jpeg,2022-08-17T14:39:42Z,"Despite a growing middle class in Francophone Africa, Nelly Chatue-Diop says cryptocurrencies are still reserved for a few wealthy people who want to diversify their portfolios.
Raised in Douala, Ca… [+4695 chars]"
76,"{'id': 'business-insider', 'name': 'Business Insider'}",prosen@insider.com (Phil Rosen),"November elections pose a risk to stocks, but history says equities will gain momentum heading into 2023.","Markets are set to slump ahead of November midterm elections, according to Barclays - but history says a rally could follow regardless of the results.",https://www.businessinsider.com/november-elections-risk-equities-stocks-rebound-midterms-biden-energy-2023-2022-8,https://i.insider.com/62bc46a32224c30018141e9c?width=1200&format=jpeg,2022-08-22T10:40:00Z,"Welcome back, readers. Phil Rosen here did you miss markets as much as I did? I can get antsy on weekends when the stock exchange closes, but nowadays we can check in on the 24-7 crypto market. 
Or,… [+4896 chars]"
77,"{'id': 'wired', 'name': 'Wired'}",Anthony Lydgate,Would You Ditch All This Chaos for a Country in the Cloud?,"Balaji Srinivasan—technologist, investor, prophet, troll—says let the old world sink. Find your tribe and build your bespoke society, or get left behind.",https://www.wired.com/story/would-you-ditch-all-this-chaos-for-a-country-in-the-cloud/,"https://media.wired.com/photos/630e61933dfe1372fb611109/191:100/w_1280,c_limit/WI100122_FF_Sovereign_01.jpg",2022-09-06T10:00:00Z,"As he accrues hundreds of thousands more Twitter followers, Srinivasan dispenses short-term advice (work from home, cancel group events, ramp up testing capacity, stop making comparisons with the flu… [+4906 chars]"
78,"{'id': 'reuters', 'name': 'Reuters'}",,Column: Stocks rebound shows the devil in the retail - Reuters,Column: Stocks rebound shows the devil in the retail  Reuters,https://www.reuters.com/markets/europe/stocks-rebound-shows-devil-retail-mcgeever-2022-08-19/,https://www.reuters.com/resizer/ve4zUYd5KOJ-pocIdv5kCPWEZeM=/1200x628/smart/filters:quality(80)/cloudfront-us-east-2.images.arcpublishing.com/reuters/TPLPPWS6B5NTBPLGXPCONT4BKA.jpg,2022-08-19T15:41:00Z,"ORLANDO, Fla., Aug 19 (Reuters) - Retail investors are back. In fact, they never went away.
The recent rebound on Wall Street has been partly credited to strong buying by traditionally small-time 'm… [+5080 chars]"
79,"{'id': 'business-insider', 'name': 'Business Insider'}",insider@insider.com (Sam Becker),How to make an NFT: A step-by-step guide to creating non-fungible tokens,"Making an NFT may sound like a technical process, but for most people familiar with the digital asset, it's simple.",https://www.businessinsider.com/personal-finance/how-to-make-an-nft,https://i.insider.com/630774aa830ed800183fb45f?width=1200&format=jpeg,2022-08-25T20:50:37Z,"Non-fungible tokens, or NFTs, have become a market mainstay. Although they're not necessarily new, NFTs have gained steam as artists use them to sell digital artwork, and traders jump on board to mak… [+9989 chars]"
80,"{'id': 'business-insider', 'name': 'Business Insider'}",prosen@insider.com (Phil Rosen),How Wall Street bulls are reacting to fresh inflation data — and what you want to know about a potential rally.,A top JPMorgan strategist broke down why he's adopted a bullish outlook after last week's data — and experts share top stock picks for recessions.,https://www.businessinsider.com/wall-street-bulls-inflation-rally-stock-market-economy-fundstrat-jpmorgan-2022-8,https://i.insider.com/62e79984c1c56b0018b49259?width=1200&format=jpeg,2022-08-14T23:00:00Z,"Welcome back team. I'm your host, Phil Rosen, back in Manhattan after some weeks on the west coast. 
Today, it's as oppressive as a sauna with no exit, but I missed it all the same. (I can't get eno… [+4882 chars]"
81,"{'id': 'business-insider', 'name': 'Business Insider'}",insider@insider.com (Katie Canales),"How Peter Thiel's fellowship program has birthed power players worth more than $220 billion collectively, from crypto giant Ethereum to Adobe rival Figma","Peter Thiel has been paying young adults for 11 years to drop out of college in exchange for $100,000.",https://www.businessinsider.com/peter-thiel-fellowship-ethereum-polkadot-luminar-2022-8,https://i.insider.com/62ffbb83ec781d001868e7a6?width=1200&format=jpeg,2022-08-21T12:45:00Z,"Peter Thiel has been paying young adults $100,000 to drop out of college and launch their own companies for 11 years now.
The famed Silicon Valley investor and former Trump adviser founded his Thiel… [+918 chars]"
82,"{'id': 'reuters', 'name': 'Reuters'}",,European markets watchdog on red alert for Ukraine war contagion - Reuters.com,The European Union's markets watchdog said on Thursday it was on red alert for contagion after inflation stoked by Russia's invasion of Ukraine has threatened markets' ability to function in an orderly way.,https://www.reuters.com/markets/europe/european-markets-watchdog-red-alert-ukraine-war-contagion-2022-09-01/,https://www.reuters.com/resizer/vd3KDhLtPRLb7dFCaTWDabU4Op0=/1200x628/smart/filters:quality(80)/cloudfront-us-east-2.images.arcpublishing.com/reuters/DKDWERQNQBNL5KVZPDC4NVE6GU.jpg,2022-09-01T09:08:00Z,"LONDON, Sept 1 (Reuters) - The European Union's markets watchdog said on Thursday it was on red alert for contagion after inflation stoked by Russia's invasion of Ukraine has threatened markets' abil… [+1922 chars]"
83,"{'id': 'reuters', 'name': 'Reuters'}",,Lululemon stretches inventory logic - Reuters.com,"Like a small leggings tear, Lululemon Athletica’s <a href=""https://www.reuters.com/companies/LULU.O"" target=""_blank"">(LULU.O)</a> inventory issues could unravel. The $41 billion yoga-pants maker’s <a href=""https://corporate.lululemon.com/media/press-releases/…",https://www.reuters.com/breakingviews/lululemon-stretches-inventory-logic-2022-09-02/,https://www.reuters.com/resizer/qEJ0prUpclBgppeoGmmGpInR1BM=/1200x628/smart/filters:quality(80)/cloudfront-us-east-2.images.arcpublishing.com/reuters/L3CZP6XPMRPK3IPFBOTHCFEU4M.jpg,2022-09-02T16:56:00Z,"TORONTO, Sept 2 (Reuters Breakingviews) - Like a small leggings tear, Lululemon Athleticas (LULU.O) inventory issues could unravel. The $41 billion yoga-pants makers second-quarter revenue increased … [+1911 chars]"
84,"{'id': 'business-insider', 'name': 'Business Insider'}",insider@insider.com (Simon Chandler),How a Bitcoin wallet gives you more security and control over your digital assets,"A Bitcoin wallet is a software program that allows you to transfer and store bitcoin. It comes as either hardware or software, with hardware wallets offering the most security.",https://www.businessinsider.com/personal-finance/bitcoin-wallet,https://i.insider.com/60706d0ba451820019b3a3e1?width=1200&format=jpeg,2022-08-11T21:19:33Z,"""Not your keys, not your coin"" is a popular saying within some parts of the cryptocurrency community. It's a reminder that if you choose to store your bitcoin on a cryptocurrency exchange account, th… [+7518 chars]"
85,"{'id': 'reuters', 'name': 'Reuters'}",,Central African Republic top court blocks purchases with new cryptocurrency - Reuters,"Central African Republic's Constitutional Court on Monday ruled that the purchase of citizenship, ""e-residency"" and land using a cryptocurrency the government launched last month was unconstitutional.",https://www.reuters.com/technology/central-african-republic-top-court-blocks-purchases-with-new-cryptocurrency-2022-08-29/,https://www.reuters.com/pf/resources/images/reuters/reuters-default.png?d=108,2022-08-29T18:10:00Z,"BANGUI, Aug 29 (Reuters) - Central African Republic's Constitutional Court on Monday ruled that the purchase of citizenship, ""e-residency"" and land using a cryptocurrency the government launched last… [+1894 chars]"
86,"{'id': 'reuters', 'name': 'Reuters'}",,FTX Ventures plans to take 30% stake in Scaramucci's SkyBridge Capital - Reuters.com,"FTX Ventures plans to scoop up a 30% stake in SkyBridge Capital, the companies said, making it the latest in a flurry of deals by cryptocurrency's white knight Sam Bankman-Fried.",https://www.reuters.com/markets/us/ftx-ventures-plans-take-30-stake-scaramuccis-skybridge-capital-2022-09-09/,https://www.reuters.com/resizer/zPx2WMSTYuElLMv1Os9l3ArPP2E=/1200x628/smart/filters:quality(80)/cloudfront-us-east-2.images.arcpublishing.com/reuters/BSGYVH6XH5J4ZNGCDKEOTYP6AA.jpg,2022-09-09T12:26:00Z,"Sept 9 (Reuters) - FTX Ventures plans to scoop up a 30% stake in SkyBridge Capital, the companies said, making it the latest in a flurry of deals by cryptocurrency's white knight Sam Bankman-Fried.
… [+1669 chars]"
87,"{'id': 'reuters', 'name': 'Reuters'}",,Stablecoin Tether hires BDO Italia for monthly proof-of-reserve reports - Reuters,"Tether, the world's largest stablecoin, said on Thursday it had appointed accounting firm BDO Italia to vouch for its asset reserves, and would look to increase the frequency of publishing its reserves reports to monthly from quarterly.",https://www.reuters.com/technology/stablecoin-tether-hires-bdo-italia-monthly-proof-of-reserve-reports-2022-08-18/,https://www.reuters.com/resizer/dNdPt1vCqDS8QQ7YM3pkS8UT9FY=/1200x628/smart/filters:quality(80)/cloudfront-us-east-2.images.arcpublishing.com/reuters/WZFWF66YJ5M6BP6PQUTL3MZ7DQ.jpg,2022-08-18T12:05:00Z,"LONDON, Aug 18 (Reuters) - Tether, the world's largest stablecoin, said on Thursday it had appointed accounting firm BDO Italia to vouch for its asset reserves, and would look to increase the frequen… [+1860 chars]"
88,"{'id': 'business-insider', 'name': 'Business Insider'}",gkay@insider.com (Grace Kay),Dogecoin creator says it 'annoyed' him when Elon Musk tried to send the cryptocurrency 'to the moon',"""He has a tendency to latch onto communities that he can then kind of absorb into his cult of personality,"" Jackson Palmer said.",https://www.businessinsider.com/dogecoin-creator-annoyed-elon-musk-promoted-cryptocurrency-2022-9,https://i.insider.com/631b58410a329a0011e3a646?width=1200&format=jpeg,2022-09-10T11:30:00Z,"Dogecoin co-creator Jackson Palmer said it bothered him when Elon Musk and WallStreetBets' copycat Reddit group SatoshiBets attempted to send the meme currency ""to the moon"" last year.
In an intervi… [+3349 chars]"
89,"{'id': 'business-insider', 'name': 'Business Insider'}",tmohamed@businessinsider.com (Theron Mohamed),Meme-stock champion Ryan Cohen sold his entire Bed Bath & Beyond stake in 2 days - and bagged a $68 million profit,The GameStop chairman and activist investor spent $121 million buying the retailer's stock and bullish call options earlier this year.,https://markets.businessinsider.com/news/stocks/ryan-cohen-bed-bath-beyond-meme-stock-options-gamestop-profit-2022-8,https://i.insider.com/612660dda86463001841eb71?width=1200&format=jpeg,2022-08-19T10:22:24Z,"Ryan Cohen sold his entire Bed Bath &amp; Beyond stake in two days this week, bagging a cool $68 million profit from his seven-month wager on the ailing homewares retailer. The news slashed the compa… [+2468 chars]"
90,"{'id': 'business-insider', 'name': 'Business Insider'}",bnolan@insider.com (Beatrice Nolan),Facebook users report bizarre glitch that spammed their feeds with posts from celebrity pages,Multiple users complained that their feeds were being spammed with posts from celebrity accounts on Wednesday morning.,https://www.businessinsider.com/facebook-glitch-spam-celebrity-accounts-social-media-meta-2022-8,https://i.insider.com/6219ef38bea1240018a8d01c?width=1200&format=jpeg,2022-08-24T12:00:53Z,"Facebook users reported experiencing a strange glitch on Wednesday morning.
Downdetector, a site used by users of various tech platforms to log outages, displayed dozens of comments from users, comp… [+1640 chars]"
91,"{'id': 'business-insider', 'name': 'Business Insider'}",bevans@insider.com (Brian Evans),US stocks extend rally as a drop in wholesale prices boosts optimism that inflation is cooling,"The producer price index fell 0.5% from June to July, the first month-over-month decrease since April 2020.",https://markets.businessinsider.com/news/stocks/stock-market-news-today-wholesale-prices-energy-gas-inflation-recession-2022-8,https://i.insider.com/61e87ee59386c900185f6969?width=1200&format=jpeg,2022-08-11T13:42:33Z,"US stocks continued to rally Thursday as wholesale price data gave traders fresh confidence that inflation could finally be easing. 
The producer price index fell 0.5% from June to July, the first m… [+1773 chars]"
92,"{'id': 'reuters', 'name': 'Reuters'}",,Breakingviews - Starbucks CEO rewards trumps even generous Reckitt - Reuters.com,"Starbucks <a href=""https://www.reuters.com/companies/SBUX.O"" target=""_blank"">(SBUX.O)</a> has struck the latest blow to European companies hoping to compete with U.S. rivals for top executives. The $98 billion coffee chain on Thursday <a href=""https://www.sec…",https://www.reuters.com/breakingviews/starbucks-ceo-rewards-trumps-even-generous-reckitt-2022-09-02/,https://www.reuters.com/resizer/PJlZUREwXWTdzU3ACfQ-igx8jPo=/1200x628/smart/filters:quality(80)/cloudfront-us-east-2.images.arcpublishing.com/reuters/B53FRFYFMBLDBAHUVYNYQ2LA5M.jpg,2022-09-02T14:29:00Z,"LONDON, Sept 2 (Reuters Breakingviews) - Starbucks (SBUX.O) has struck the latest blow to European companies hoping to compete with U.S. rivals for top executives. The $98 billion coffee chain on Thu… [+1845 chars]"
93,"{'id': 'reuters', 'name': 'Reuters'}",,Breakingviews - Disney's synergy Force may stumble in Prime time - Reuters.com,"Few companies are as good at making the most of what they have as Walt Disney <a href=""https://www.reuters.com/companies/DIS.N"" target=""_blank"">(DIS.N)</a>, which successfully cross-sells pirates, princesses, superheroes and stormtroopers across cinemas, TV s…",https://www.reuters.com/breakingviews/disneys-synergy-force-may-stumble-prime-time-2022-09-01/,https://www.reuters.com/resizer/G5IOFjxX6UlBAgNw8gTvFtEjm8A=/1200x628/smart/filters:quality(80)/cloudfront-us-east-2.images.arcpublishing.com/reuters/C22QZVBSFFJS7GRY33LXISENQU.jpg,2022-09-01T16:31:00Z,"NEW YORK, Sept 1 (Reuters Breakingviews) - Few companies are as good at making the most of what they have as Walt Disney (DIS.N), which successfully cross-sells pirates, princesses, superheroes and s… [+1993 chars]"
94,"{'id': 'reuters', 'name': 'Reuters'}",,Breakingviews - Premier League spending spree is a step backwards - Reuters,"English soccer teams are getting back into bad financial habits. The top 20 clubs splurged 1.9 billion pounds ($2.2 billion) to lure ace players this summer, says Deloitte, trouncing a previous 1.4 billion pounds record. It's a step backwards in terms of fisc…",https://www.reuters.com/breakingviews/premier-league-spending-spree-is-step-backwards-2022-09-02/,https://www.reuters.com/resizer/kAqlwsAEMemmEE23uqfKgb0S390=/1200x628/smart/filters:quality(80)/cloudfront-us-east-2.images.arcpublishing.com/reuters/ABKQ33YQ65O3FIQOZYI2N3CBI4.jpg,2022-09-02T14:37:00Z,"Soccer Football - Premier League - Leicester City v Manchester United - King Power Stadium, Leicester, Britain - September 1, 2022 Manchester United's David de Gea, Casemiro, Lisandro Martinez, and S… [+2065 chars]"
95,"{'id': 'reuters', 'name': 'Reuters'}",,"Ransomware group BlackCat behind Italy's GSE hacking, researchers say - Reuters.com","Hacking group BlackCat was behind a recent attack on Italy's state-owned energy services firm GSE, stole a massive amount of data and threatened to publish if their demands were not met, according to security researchers and documents seen by Reuters.",https://www.reuters.com/technology/ransomware-group-blackcat-behind-italys-gse-hacking-researchers-say-2022-09-02/,https://www.reuters.com/resizer/enqAsaXcCMY9Zltx5kkJ4aFGSko=/1200x628/smart/filters:quality(80)/cloudfront-us-east-2.images.arcpublishing.com/reuters/RXWNWIVM7NLNPN74WQ52TWZK3I.jpg,2022-09-02T20:05:00Z,"STOCKHOLM/MILAN, Sept 2 (Reuters) - Hacking group BlackCat was behind a recent attack on Italy's state-owned energy services firm GSE, stole a massive amount of data and threatened to publish if thei… [+1892 chars]"
96,"{'id': 'business-insider', 'name': 'Business Insider'}",prosen@insider.com (Phil Rosen),US stocks trade mixed ahead of Fed's economic report while investors eye more big rate hikes,A Wednesday Wall Street Journal article suggested that another 75-basis-point rate hike could hit in September.,https://markets.businessinsider.com/news/stocks/stock-market-news-today-investors-fed-rate-hikes-beige-book-2022-9,https://i.insider.com/63189c0fadc9990018843498?width=1200&format=jpeg,2022-09-07T13:41:59Z,"US stocks opened mixed ahead of the Federal Reserve's beige book survey of regional business and economic conditions later on Wednesday. 
The report comes as the Fed is due to meet on September 20-2… [+2104 chars]"
97,"{'id': 'business-insider', 'name': 'Business Insider'}",aweinman@businessinsider.com (Aaron Weinman),"Firms like Kirkland & Ellis and Skadden lurk law school campuses and offer big six-figure salaries. Despite some students wanting to shun a career in Big Law, many don't have a choice as debt loads mount.","Many students dream of a career as public servants, but Big Law comes calling with hefty six-figure salaries, and for many kids, that is an offer that is too good to refuse.",https://www.businessinsider.com/kirkland-ellis-big-law-salaries-people-corporate-law-2022-8,https://i.insider.com/62fdd745ec781d001868940c?width=1200&format=jpeg,2022-08-18T11:40:00Z,"Hi. I'm Aaron Weinman. Law students are reluctant to pursue a career in corporate law, but sometimes a solid salary and box seats at the ball game is enough to convince folks to stick around.
Let's … [+5420 chars]"
98,"{'id': 'business-insider', 'name': 'Business Insider'}",aweinman@businessinsider.com (Aaron Weinman),Deutsche Bank's former co-chief executive Anshu Jain played a big role in turning the German lender into a global investment bank,"Anshu Jain passes away after years with stomach cancer, Ken Griffin wants interns to hustle, and Carlyle has started the search for its next chief executive.",https://www.businessinsider.com/banking-anshu-jain-deutsche-bank-cantor-fitzgerald-2022-8,https://i.insider.com/62f9a0c9306b6300192ac71b?width=1200&format=jpeg,2022-08-15T11:40:00Z,"Hi. I'm Aaron Weinman. Anshu Jain, the former co-chief executive of Deutsche Bank, died on Saturday in the UK after battling a form of stomach cancer. He was 59 years old.
Jain is credited with help… [+5627 chars]"
99,"{'id': 'business-insider', 'name': 'Business Insider'}",aweinman@businessinsider.com (Aaron Weinman),"Wall Street banks' latest messages on return-to-office policies might seem flexible, but the underlying message is clear: Come back to your desks.","Goldman Sachs and Morgan Stanley are lifting COVID-19 protocols in their offices, Jefferies wants staff back at their desks on a ""consistent"" basis, and Citi bankers are still expected to come in at least three days a week.",https://www.businessinsider.com/return-to-office-wall-street-covid19-goldman-jefferies-jpmorgan-2022-9,https://i.insider.com/6316be06ed92be0018c5e78b?width=1200&format=jpeg,2022-09-06T11:40:00Z,"For investment bankers, September can be one of the busiest months, as borrowers flock to the capital markets, and M&amp;A agreements fly in thick and fast.
It's a bit of a sprint between now and th… [+5720 chars]"
